Depth (km), Temperature (K)
1.600000000000000000e+02,1.573249997000000121e+03,1.573250002500000164e+03
1.597328881469115061e+02,1.573249997000000121e+03,1.573250002500000164e+03
1.594657762938230405e+02,1.573249997000000121e+03,1.573250002500000164e+03
1.591986644407345466e+02,1.573249997000000121e+03,1.573250002500000164e+03
1.589315525876460811e+02,1.573249997000000121e+03,1.573250002500000164e+03
1.586644407345576155e+02,1.573249997000000121e+03,1.573250002500000164e+03
1.583973288814691216e+02,1.573249997000000121e+03,1.573250002500000164e+03
1.581302170283806277e+02,1.573249997000000121e+03,1.573250002500000164e+03
1.578631051752921621e+02,1.573249997000000121e+03,1.573250002500000164e+03
1.575959933222036682e+02,1.573249997000000121e+03,1.573250002500000164e+03
1.573288814691151742e+02,1.573249997000000121e+03,1.573250002500000164e+03
1.570617696160267087e+02,1.573249997000000121e+03,1.573250002500000164e+03
1.567946577629382432e+02,1.573249997000000121e+03,1.573250002500000164e+03
1.565275459098497493e+02,1.573249997000000121e+03,1.573250002500000164e+03
1.562604340567612553e+02,1.573249997000000121e+03,1.573250002500000164e+03
1.559933222036727898e+02,1.573249997000000121e+03,1.573250002500000164e+03
1.557262103505842958e+02,1.573249997000000121e+03,1.573250002500000164e+03
1.554590984974958019e+02,1.573249997000000121e+03,1.573250002500000164e+03
1.551919866444073648e+02,1.573249997000000121e+03,1.573250002500000164e+03
1.549248747913188708e+02,1.573249997000000121e+03,1.573250002500000164e+03
1.546577629382303769e+02,1.573249997000000121e+03,1.573250002500000164e+03
1.543906510851419114e+02,1.573249997000000121e+03,1.573250002500000164e+03
1.541235392320534174e+02,1.573249997000000121e+03,1.573250002500000164e+03
1.538564273789649235e+02,1.573249997000000121e+03,1.573250002500000164e+03
1.535893155258764864e+02,1.573249997000000121e+03,1.573250002500000164e+03
1.533222036727879924e+02,1.573249997000000121e+03,1.573250002500000164e+03
1.530550918196994985e+02,1.573249997000000121e+03,1.573250002500000164e+03
1.527879799666110330e+02,1.573249997000000121e+03,1.573250002500000164e+03
1.525208681135225390e+02,1.573249997000000121e+03,1.573250002500000164e+03
1.522537562604340451e+02,1.573249997000000121e+03,1.573250002500000164e+03
1.519866444073455511e+02,1.573249997000000121e+03,1.573250002500000164e+03
1.517195325542571140e+02,1.573249997000000121e+03,1.573250002500000164e+03
1.514524207011686201e+02,1.573249997000000121e+03,1.573250002500000164e+03
1.511853088480801262e+02,1.573249997000000121e+03,1.573250002500000164e+03
1.509181969949916606e+02,1.573249997000000121e+03,1.573250002500000164e+03
1.506510851419031667e+02,1.573249997000000121e+03,1.573250002500000164e+03
1.503839732888146727e+02,1.573249997000000121e+03,1.573250002500000164e+03
1.501168614357262072e+02,1.573249997000000121e+03,1.573250002500000164e+03
1.498497495826377417e+02,1.573249997000000121e+03,1.573250002500000164e+03
1.495826377295492478e+02,1.573249997000000121e+03,1.573250002500000164e+03
1.493155258764607822e+02,1.573249997000000121e+03,1.573250002500000164e+03
1.490484140233722883e+02,1.573249997000000121e+03,1.573250002500000164e+03
1.487813021702837943e+02,1.573249997000000121e+03,1.573250002500000164e+03
1.485141903171953288e+02,1.573249997000000121e+03,1.573250002500000164e+03
1.482470784641068349e+02,1.573249997000000121e+03,1.573250002500000164e+03
1.479799666110183693e+02,1.573249997000000121e+03,1.573250002500000164e+03
1.477128547579299038e+02,1.573249997000000121e+03,1.573250002500000164e+03
1.474457429048414099e+02,1.573249997000000121e+03,1.573250002500000164e+03
1.471786310517529159e+02,1.573249997000000121e+03,1.573250002500000164e+03
1.469115191986644220e+02,1.573249997000000121e+03,1.573250002500000164e+03
1.466444073455759565e+02,1.573249997000000121e+03,1.573250002500000164e+03
1.463772954924874909e+02,1.573249997000000121e+03,1.573250002500000164e+03
1.461101836393989970e+02,1.573249997000000121e+03,1.573250002500000164e+03
1.458430717863105315e+02,1.573249997000000121e+03,1.573250002500000164e+03
1.455759599332220375e+02,1.573249997000000121e+03,1.573250002500000164e+03
1.453088480801335436e+02,1.573249997000000121e+03,1.573250002500000164e+03
1.450417362270450781e+02,1.573249997000000121e+03,1.573250002500000164e+03
1.447746243739565841e+02,1.573249997000000121e+03,1.573250002500000164e+03
1.445075125208680902e+02,1.573249997000000121e+03,1.573250002500000164e+03
1.442404006677796531e+02,1.573249997000000121e+03,1.573250002500000164e+03
1.439732888146911591e+02,1.573249997000000121e+03,1.573250002500000164e+03
1.437061769616026652e+02,1.573249997000000121e+03,1.573250002500000164e+03
1.434390651085141997e+02,1.573249997000000121e+03,1.573250002500000164e+03
1.431719532554257057e+02,1.573249997000000121e+03,1.573250002500000164e+03
1.429048414023372118e+02,1.573249997000000121e+03,1.573250002500000164e+03
1.426377295492487747e+02,1.573249997000000121e+03,1.573250002500000164e+03
1.423706176961602807e+02,1.573249997000000121e+03,1.573250002500000164e+03
1.421035058430717868e+02,1.573249997000000121e+03,1.573250002500000164e+03
1.418363939899832928e+02,1.573249997000000121e+03,1.573250002500000164e+03
1.415692821368948273e+02,1.573249997000000121e+03,1.573250002500000164e+03
1.413021702838063334e+02,1.573249997000000121e+03,1.573250002500000164e+03
1.410350584307178394e+02,1.573249997000000121e+03,1.573250002500000164e+03
1.407679465776293739e+02,1.573249997000000121e+03,1.573250002500000164e+03
1.405008347245409084e+02,1.573249997000000121e+03,1.573250002500000164e+03
1.402337228714524144e+02,1.573249997000000121e+03,1.573250002500000164e+03
1.399666110183639489e+02,1.573249997000000121e+03,1.573250002500000164e+03
1.396994991652754550e+02,1.573249997000000121e+03,1.573250002500000164e+03
1.394323873121869610e+02,1.573249997000000121e+03,1.573250002500000164e+03
1.391652754590984955e+02,1.573249997000000121e+03,1.573250002500000164e+03
1.388981636060100300e+02,1.573249997000000121e+03,1.573250002500000164e+03
1.386310517529215360e+02,1.573249997000000121e+03,1.573250002500000164e+03
1.383639398998330705e+02,1.573249997000000121e+03,1.573250002500000164e+03
1.380968280467445766e+02,1.573249997000000121e+03,1.573250002500000164e+03
1.378297161936560826e+02,1.573249997000000121e+03,1.573250002500000164e+03
1.375626043405675887e+02,1.573249997000000121e+03,1.573250002500000164e+03
1.372954924874791232e+02,1.573249997000000121e+03,1.573250002500000164e+03
1.370283806343906576e+02,1.573249997000000121e+03,1.573250002500000164e+03
1.367612687813021637e+02,1.573249997000000121e+03,1.573250002500000164e+03
1.364941569282136982e+02,1.573249997000000121e+03,1.573250002500000164e+03
1.362270450751252042e+02,1.573249997000000121e+03,1.573250002500000164e+03
1.359599332220367103e+02,1.573249997000000121e+03,1.573250002500000164e+03
1.356928213689482448e+02,1.573249997000000121e+03,1.573250002500000164e+03
1.354257095158597792e+02,1.573249997000000121e+03,1.573250002500000164e+03
1.351585976627712853e+02,1.573249997000000121e+03,1.573250002500000164e+03
1.348914858096828198e+02,1.573249997000000121e+03,1.573250002500000164e+03
1.346243739565943258e+02,1.573249997000000121e+03,1.573250002500000164e+03
1.343572621035058319e+02,1.573249997000000121e+03,1.573250002500000164e+03
1.340901502504173664e+02,1.573249997000000121e+03,1.573250002500000164e+03
1.338230383973288724e+02,1.573249997000000121e+03,1.573250002500000164e+03
1.335559265442403785e+02,1.573249997000000121e+03,1.573250002500000164e+03
1.332888146911519414e+02,1.573249997000000121e+03,1.573250002500000164e+03
1.330217028380634474e+02,1.573249997000000121e+03,1.573250002500000164e+03
1.327545909849749535e+02,1.573249997000000121e+03,1.573250002500000164e+03
1.324874791318864595e+02,1.573249997000000121e+03,1.573250002500000164e+03
1.322203672787979940e+02,1.573249997000000121e+03,1.573250002500000164e+03
1.319532554257095001e+02,1.573249997000000121e+03,1.573250002500000164e+03
1.316861435726210345e+02,1.573249997000000121e+03,1.573250002500000164e+03
1.314190317195325690e+02,1.573249997000000121e+03,1.573250002500000164e+03
1.311519198664440751e+02,1.573249997000000121e+03,1.573250002500000164e+03
1.308848080133555811e+02,1.573249997000000121e+03,1.573250002500000164e+03
1.306176961602671156e+02,1.573249997000000121e+03,1.573250002500000164e+03
1.303505843071786217e+02,1.573249997000000121e+03,1.573250002500000164e+03
1.300834724540901561e+02,1.573249997000000121e+03,1.573250002500000164e+03
1.298163606010016622e+02,1.573249997000000121e+03,1.573250002500000164e+03
1.295492487479131967e+02,1.573249997000000121e+03,1.573250002500000164e+03
1.292821368948247027e+02,1.573249997000000121e+03,1.573250002500000164e+03
1.290150250417362372e+02,1.573249997000000121e+03,1.573250002500000164e+03
1.287479131886477433e+02,1.573249997000000121e+03,1.573250002500000164e+03
1.284808013355592493e+02,1.573249997000000121e+03,1.573250002500000164e+03
1.282136894824707838e+02,1.573249997000000121e+03,1.573250002500000164e+03
1.279465776293823041e+02,1.573249997000000121e+03,1.573250002500000164e+03
1.276794657762938243e+02,1.573249997000000121e+03,1.573250002500000164e+03
1.274123539232053446e+02,1.573249997000000121e+03,1.573250002500000164e+03
1.271452420701168649e+02,1.573249997000000121e+03,1.573250002500000164e+03
1.268781302170283709e+02,1.573249997000000121e+03,1.573250002500000164e+03
1.266110183639398912e+02,1.573249997000000121e+03,1.573250002500000164e+03
1.263439065108514257e+02,1.573249997000000121e+03,1.573250002500000164e+03
1.260767946577629317e+02,1.573249997000000121e+03,1.573250002500000164e+03
1.258096828046744662e+02,1.573249997000000121e+03,1.573250002500000164e+03
1.255425709515859722e+02,1.573249997000000121e+03,1.573250002500000164e+03
1.252754590984974925e+02,1.573249997000000121e+03,1.573250002500000164e+03
1.250083472454090128e+02,1.573249997000000121e+03,1.573250002500000164e+03
1.247412353923205188e+02,1.573249997000000121e+03,1.573250002500000164e+03
1.244741235392320533e+02,1.573249997000000121e+03,1.573250002500000164e+03
1.242070116861435878e+02,1.573249997000000121e+03,1.573250002500000164e+03
1.239398998330550938e+02,1.573249997000000121e+03,1.573250002500000164e+03
1.236727879799666141e+02,1.573249997000000121e+03,1.573250002500000164e+03
1.234056761268781202e+02,1.573249997000000121e+03,1.573250002500000164e+03
1.231385642737896404e+02,1.573249997000000121e+03,1.573250002500000164e+03
1.228714524207011607e+02,1.573249997000000121e+03,1.573250002500000164e+03
1.226043405676126810e+02,1.573249997000000121e+03,1.573250002500000164e+03
1.223372287145242154e+02,1.573249997000000121e+03,1.573250002500000164e+03
1.220701168614357357e+02,1.573249997000000121e+03,1.573250002500000164e+03
1.218030050083472418e+02,1.573249997000000121e+03,1.573250002500000164e+03
1.215358931552587620e+02,1.573249997000000121e+03,1.573250002500000164e+03
1.212687813021702681e+02,1.573249997000000121e+03,1.573250002500000164e+03
1.210016694490818026e+02,1.573249997000000121e+03,1.573250002500000164e+03
1.207345575959933228e+02,1.573249997000000121e+03,1.573250002500000164e+03
1.204674457429048431e+02,1.573249997000000121e+03,1.573250002500000164e+03
1.202003338898163634e+02,1.573249997000000121e+03,1.573250002500000164e+03
1.199332220367278836e+02,1.572699915032729450e+03,1.572668495604515783e+03
1.196661101836393897e+02,1.570499289877221372e+03,1.570342170736152866e+03
1.193989983305509099e+02,1.568298189063433483e+03,1.568015370209510365e+03
1.191318864774624444e+02,1.566096612591364874e+03,1.565688094024586917e+03
1.188647746243739505e+02,1.563894560461015999e+03,1.563360342181383203e+03
1.185976627712854850e+02,1.561692032672386631e+03,1.561032114679899223e+03
1.183305509181969910e+02,1.559489029225476770e+03,1.558703411520134523e+03
1.180634390651085113e+02,1.557285550120286644e+03,1.556374232702089785e+03
1.177963272120200315e+02,1.555081595356816251e+03,1.554044578225764326e+03
1.175292153589315376e+02,1.552877164935065139e+03,1.551714448091158829e+03
1.172621035058430721e+02,1.550672258855033988e+03,1.549383842298272612e+03
1.169949916527545923e+02,1.548466877116722117e+03,1.547052760847106128e+03
1.167278797996661126e+02,1.546261019720129980e+03,1.544721203737659380e+03
1.164607679465776329e+02,1.544054686665257350e+03,1.542389170969931683e+03
1.161936560934891389e+02,1.541847877952104227e+03,1.540056662543923949e+03
1.159265442404006592e+02,1.539640593580670838e+03,1.537723678459635721e+03
1.156594323873121795e+02,1.537432833550957184e+03,1.535390218717067228e+03
1.153923205342236997e+02,1.535224597862962810e+03,1.533056283316218241e+03
1.151252086811352200e+02,1.533015886516688624e+03,1.530721872257089217e+03
1.148580968280467545e+02,1.530806699512133491e+03,1.528386985539679472e+03
1.145909849749582605e+02,1.528597036849298092e+03,1.526051623163989234e+03
1.143238731218697808e+02,1.526386898528182428e+03,1.523715785130018730e+03
1.140567612687813011e+02,1.524176284548786043e+03,1.521379471437767734e+03
1.137896494156928071e+02,1.521965194911109393e+03,1.519042682087236244e+03
1.135225375626043416e+02,1.519753629615152477e+03,1.516705417078424489e+03
1.132554257095158619e+02,1.517541588660915068e+03,1.514367676411332468e+03
1.129883138564273821e+02,1.515329072048397393e+03,1.512029460085959954e+03
1.127212020033389024e+02,1.513116079777598998e+03,1.509690768102306947e+03
1.124540901502504084e+02,1.510902611848520564e+03,1.507351600460373447e+03
1.121869782971619287e+02,1.508688668261161638e+03,1.505011957160159909e+03
1.119198664440734490e+02,1.506474249015521991e+03,1.502671838201665423e+03
1.116527545909849692e+02,1.504259354111602306e+03,1.500331243584891126e+03
1.113856427378965037e+02,1.502043983549402128e+03,1.497990173309836337e+03
1.111185308848080098e+02,1.499828137328921457e+03,1.495648627376500599e+03
1.108514190317195300e+02,1.497611815450160520e+03,1.493306605784885051e+03
1.105843071786310503e+02,1.495395017913118863e+03,1.490964108534988554e+03
1.103171953255425564e+02,1.493177744717796941e+03,1.488621135626812247e+03
1.100500834724540908e+02,1.490959995864194980e+03,1.486277687060355220e+03
1.097829716193656111e+02,1.488741771352312071e+03,1.483933762835617699e+03
1.095158597662771314e+02,1.486523071182149351e+03,1.481589362952600140e+03
1.092487479131886516e+02,1.484303895353705911e+03,1.479244487411301861e+03
1.089816360601001719e+02,1.482084243866981751e+03,1.476899136211723089e+03
1.087145242070116780e+02,1.479864116721977553e+03,1.474553309353864051e+03
1.084474123539231982e+02,1.477643513918693088e+03,1.472207006837724748e+03
1.081803005008347185e+02,1.475422435457128131e+03,1.469860228663304952e+03
1.079131886477462388e+02,1.473200881337282681e+03,1.467512974830604890e+03
1.076460767946577732e+02,1.470978851559156737e+03,1.465165245339624335e+03
1.073789649415692793e+02,1.468756346122750756e+03,1.462817040190363286e+03
1.071118530884807996e+02,1.466533365028063827e+03,1.460468359382821745e+03
1.068447412353923198e+02,1.464309908275096632e+03,1.458119202916999939e+03
1.065776293823038259e+02,1.462085975863849171e+03,1.455769570792897412e+03
1.063105175292153604e+02,1.459861567794321445e+03,1.453419463010515074e+03
1.060434056761268664e+02,1.457636684066513226e+03,1.451068879569852015e+03
1.057762938230384009e+02,1.455411324680424514e+03,1.448717820470908464e+03
1.055091819699499212e+02,1.453185489636055308e+03,1.446366285713684874e+03
1.052420701168614272e+02,1.450959178933405838e+03,1.444014275298180337e+03
1.049749582637729475e+02,1.448732392572476101e+03,1.441661789224395989e+03
1.047078464106844677e+02,1.446505130553265644e+03,1.439308827492330693e+03
1.044407345575959880e+02,1.444277392875775377e+03,1.436955390101985586e+03
1.041736227045075083e+02,1.442049179540003934e+03,1.434601477053359531e+03
1.039065108514190428e+02,1.439820490545952680e+03,1.432247088346453438e+03
1.036393989983305488e+02,1.437591325893620706e+03,1.429892223981266852e+03
1.033722871452420691e+02,1.435361685583008239e+03,1.427536883957799546e+03
1.031051752921535751e+02,1.433131569614115733e+03,1.425181068276052201e+03
1.028380634390650954e+02,1.430900977986942735e+03,1.422824776936024364e+03
1.025709515859766299e+02,1.428669910701489016e+03,1.420468009937716261e+03
1.023038397328881501e+02,1.426438367757755259e+03,1.418110767281127437e+03
1.020367278797996704e+02,1.424206349155740781e+03,1.415753048966258348e+03
1.017696160267111907e+02,1.421973854895446266e+03,1.413394854993108993e+03
1.015025041736226967e+02,1.419740884976871257e+03,1.411036185361679145e+03
1.012353923205342170e+02,1.417507439400015528e+03,1.408677040071968804e+03
1.009682804674457230e+02,1.415273518164879533e+03,1.406317419123978198e+03
1.007011686143572575e+02,1.413039121271463500e+03,1.403957322517707325e+03
1.004340567612687920e+02,1.410804248719766747e+03,1.401596750253155733e+03
1.001669449081802981e+02,1.408568900509789728e+03,1.399235702330323875e+03
9.989983305509181832e+01,1.406333076641531989e+03,1.396874178749211524e+03
9.963272120200333859e+01,1.404096777114993984e+03,1.394512179509818907e+03
9.936560934891484465e+01,1.401860001930175940e+03,1.392149704612145570e+03
9.909849749582637912e+01,1.399622751087076949e+03,1.389786754056192194e+03
9.883138564273789939e+01,1.397385024585697920e+03,1.387423327841958326e+03
9.856427378964941965e+01,1.395146822426038398e+03,1.385059425969443964e+03
9.829716193656093992e+01,1.392908144608098610e+03,1.382695048438649565e+03
9.803005008347244598e+01,1.390668991131878329e+03,1.380330195249574217e+03
9.776293823038396624e+01,1.388429361997377327e+03,1.377964866402218831e+03
9.749582637729548651e+01,1.386189257204596061e+03,1.375599061896582725e+03
9.722871452420700678e+01,1.383948676753534755e+03,1.373232781732666581e+03
9.696160267111852704e+01,1.381707620644192730e+03,1.370866025910469943e+03
9.669449081803006152e+01,1.379466088876570666e+03,1.368498794429992813e+03
9.642737896494156757e+01,1.377224081450667654e+03,1.366131087291235417e+03
9.616026711185308784e+01,1.374981598366484377e+03,1.363762904494197301e+03
9.589315525876459390e+01,1.372738639624020834e+03,1.361394246038878919e+03
9.562604340567611416e+01,1.370495205223277026e+03,1.359025111925280271e+03
9.535893155258764864e+01,1.368251295164252724e+03,1.356655502153401358e+03
9.509181969949915469e+01,1.366006909446947930e+03,1.354285416723241497e+03
9.482470784641068917e+01,1.363762048071362642e+03,1.351914855634801825e+03
9.455759599332220944e+01,1.361516711037497089e+03,1.349543818888081432e+03
9.429048414023371549e+01,1.359270898345351270e+03,1.347172306483080774e+03
9.402337228714523576e+01,1.357024609994924504e+03,1.344800318419799396e+03
9.375626043405677024e+01,1.354777845986218153e+03,1.342427854698237979e+03
9.348914858096827629e+01,1.352530606319230856e+03,1.340054915318396297e+03
9.322203672787979656e+01,1.350282890993963065e+03,1.337681500280273667e+03
9.295492487479131682e+01,1.348034700010415236e+03,1.335307609583870999e+03
9.268781302170283709e+01,1.345786033368586686e+03,1.332933243229187610e+03
9.242070116861435736e+01,1.343536891068478099e+03,1.330558401216224411e+03
9.215358931552586341e+01,1.341287273110088790e+03,1.328183083544980036e+03
9.188647746243739789e+01,1.339037179493419444e+03,1.325807290215456078e+03
9.161936560934891816e+01,1.336786610218469150e+03,1.323431021227651172e+03
9.135225375626042421e+01,1.334535565285238818e+03,1.321054276581566000e+03
9.108514190317195869e+01,1.332284044693728219e+03,1.318677056277200791e+03
9.081803005008346474e+01,1.330032048443936901e+03,1.316299360314554406e+03
9.055091819699498501e+01,1.327779576535865090e+03,1.313921188693628210e+03
9.028380634390650528e+01,1.325526628969513240e+03,1.311542541414421294e+03
9.001669449081802554e+01,1.323273205744880897e+03,1.309163418476934339e+03
8.974958263772954581e+01,1.321019306861967834e+03,1.306783819881166664e+03
8.948247078464106607e+01,1.318764932320774733e+03,1.304403745627118724e+03
8.921535893155258634e+01,1.316510082121301139e+03,1.302023195714790290e+03
8.894824707846410661e+01,1.314254756263547279e+03,1.299642170144181591e+03
8.868113522537561266e+01,1.311998954747512926e+03,1.297260668915292399e+03
8.841402337228714714e+01,1.309742677573197852e+03,1.294878692028122714e+03
8.814691151919866741e+01,1.307485924740602741e+03,1.292496239482672991e+03
8.787979966611017346e+01,1.305228696249727136e+03,1.290113311278942319e+03
8.761268781302169373e+01,1.302970992100570811e+03,1.287729907416931383e+03
8.734557595993322821e+01,1.300712812293134675e+03,1.285346027896640408e+03
8.707846410684473426e+01,1.298454156827417819e+03,1.282961672718068940e+03
8.681135225375625453e+01,1.296195025703420470e+03,1.280576841881216751e+03
8.654424040066778900e+01,1.293935418921143082e+03,1.278191535386084524e+03
8.627712854757929506e+01,1.291675336480584747e+03,1.275805753232671577e+03
8.601001669449081533e+01,1.289414778381746373e+03,1.273419495420978365e+03
8.574290484140232138e+01,1.287153744624627507e+03,1.271032761951004659e+03
8.547579298831385586e+01,1.284892235209228375e+03,1.268645552822750687e+03
8.520868113522537612e+01,1.282630250135548522e+03,1.266257868036216450e+03
8.494156928213688218e+01,1.280367789403588631e+03,1.263869707591401493e+03
8.467445742904841666e+01,1.278104853013348247e+03,1.261481071488306497e+03
8.440734557595993692e+01,1.275841440964827370e+03,1.259091959726930781e+03
8.414023372287144298e+01,1.273577553258026001e+03,1.256702372307274800e+03
8.387312186978296324e+01,1.271313189892944365e+03,1.254312309229338325e+03
8.360601001669448351e+01,1.269048350869582237e+03,1.251921770493121358e+03
8.333889816360600378e+01,1.266783036187939615e+03,1.249530756098624124e+03
8.307178631051752404e+01,1.264517245848016955e+03,1.247139266045846625e+03
8.280467445742904431e+01,1.262250979849813575e+03,1.244747300334788633e+03
8.253756260434056458e+01,1.259984238193329929e+03,1.242354858965450148e+03
8.227045075125208484e+01,1.257717020878565791e+03,1.239961941937831398e+03
8.200333889816360511e+01,1.255449327905521386e+03,1.237568549251932154e+03
8.173622704507512537e+01,1.253181159274196489e+03,1.235174680907752418e+03
8.146911519198664564e+01,1.250912514984591326e+03,1.232780336905292415e+03
8.120200333889815170e+01,1.248643395036705442e+03,1.230385517244551920e+03
8.093489148580968617e+01,1.246373799430539520e+03,1.227990221925531159e+03
8.066777963272119223e+01,1.244103728166092878e+03,1.225594450948229678e+03
8.040066777963271250e+01,1.241833181243365971e+03,1.223198204312648159e+03
8.013355592654424697e+01,1.239562158662358797e+03,1.220801482018786146e+03
7.986644407345575303e+01,1.237290660423070904e+03,1.218404284066643640e+03
7.959933222036727329e+01,1.235018686525502972e+03,1.216006610456220869e+03
7.933222036727879356e+01,1.232746236969654547e+03,1.213608461187517605e+03
7.906510851419031383e+01,1.230473311755525629e+03,1.211209836260533848e+03
7.879799666110183409e+01,1.228199910883116218e+03,1.208810735675269825e+03
7.853088480801334015e+01,1.225926034352426541e+03,1.206411159431725309e+03
7.826377295492487463e+01,1.223651682163456371e+03,1.204011107529900301e+03
7.799666110183639489e+01,1.221376854316205936e+03,1.201610579969795253e+03
7.772954924874790095e+01,1.219101550810675008e+03,1.199209576751409486e+03
7.746243739565943542e+01,1.216825771646863586e+03,1.196808097874743453e+03
7.719532554257095569e+01,1.214549516824771899e+03,1.194406143339796927e+03
7.692821368948246175e+01,1.212272786344399719e+03,1.192003713146570135e+03
7.666110183639398201e+01,1.209995580205747274e+03,1.189600807295062850e+03
7.639398998330551649e+01,1.207717898408814335e+03,1.187197425785275072e+03
7.612687813021702254e+01,1.205439740953601131e+03,1.184793568617207029e+03
7.585976627712854281e+01,1.203161107840107206e+03,1.182389235790858493e+03
7.559265442404006308e+01,1.200881999068333016e+03,1.179984427306229691e+03
7.532554257095158334e+01,1.198602414638278560e+03,1.177579143163320168e+03
7.505843071786310361e+01,1.196322354549943611e+03,1.175173383362130608e+03
7.479131886477460966e+01,1.194041818803328169e+03,1.172767147902660327e+03
7.452420701168614414e+01,1.191760807398432462e+03,1.170360436784910007e+03
7.425709515859766441e+01,1.189479320335256489e+03,1.167953250008879195e+03
7.398998330550917046e+01,1.187197357613799568e+03,1.165545587574567662e+03
7.372287145242070494e+01,1.184914919234063063e+03,1.163137449481976091e+03
7.345575959933221100e+01,1.182632005196045384e+03,1.160728835731103800e+03
7.318864774624373126e+01,1.180348615499747666e+03,1.158319746321951243e+03
7.292153589315526574e+01,1.178064750145169683e+03,1.155910181254518648e+03
7.265442404006677179e+01,1.175780409132310979e+03,1.153500140528805332e+03
7.238731218697829206e+01,1.173495592461172009e+03,1.151089624144811296e+03
7.212020033388981233e+01,1.171210300131752774e+03,1.148678632102537449e+03
7.185308848080133259e+01,1.168924532144053046e+03,1.146267164401982882e+03
7.158597662771285286e+01,1.166638288498072825e+03,1.143855221043147822e+03
7.131886477462435892e+01,1.164351569193812111e+03,1.141442802026032496e+03
7.105175292153589339e+01,1.162064374231271131e+03,1.139029907350636677e+03
7.078464106844741366e+01,1.159776703610449886e+03,1.136616537016960820e+03
7.051752921535891971e+01,1.157488557331347920e+03,1.134202691025004015e+03
7.025041736227043998e+01,1.155199935393965688e+03,1.131788369374766944e+03
6.998330550918197446e+01,1.152910837798303191e+03,1.129373572066249835e+03
6.971619365609348051e+01,1.150621264544360201e+03,1.126958299099452006e+03
6.944908180300500078e+01,1.148331215632136718e+03,1.124542550474373911e+03
6.918196994991653526e+01,1.146040691061632970e+03,1.122126326191015323e+03
6.891485809682804131e+01,1.143749690832848728e+03,1.119709626249376242e+03
6.864774624373956158e+01,1.141458214945784221e+03,1.117292450649456896e+03
6.838063439065106763e+01,1.139166263400438993e+03,1.114874799391257056e+03
6.811352253756260211e+01,1.136873836196813727e+03,1.112456672474776951e+03
6.784641068447412238e+01,1.134580933334907968e+03,1.110038069900016581e+03
6.757929883138562843e+01,1.132287554814721716e+03,1.107618991666975489e+03
6.731218697829716291e+01,1.129993700636255198e+03,1.105199437775654133e+03
6.704507512520868318e+01,1.127699370799508188e+03,1.102779408226052510e+03
6.677796327212018923e+01,1.125404565304480684e+03,1.100358903018170167e+03
6.651085141903172371e+01,1.123109284151172915e+03,1.097937922152007559e+03
6.624373956594322976e+01,1.120813527339584653e+03,1.095516465627564685e+03
6.597662771285475003e+01,1.118517294869715897e+03,1.093094533444841090e+03
6.570951585976627030e+01,1.116220586741567104e+03,1.090672125603837458e+03
6.544240400667779056e+01,1.113923402955137590e+03,1.088249242104553332e+03
6.517529215358931083e+01,1.111625743510427810e+03,1.085825882946988486e+03
6.490818030050083109e+01,1.109327608407437538e+03,1.083402048131143829e+03
6.464106844741235136e+01,1.107028997646166999e+03,1.080977737657018452e+03
6.437395659432387163e+01,1.104729911226615968e+03,1.078552951524612581e+03
6.410684474123539189e+01,1.102430349148784217e+03,1.076127689733926218e+03
6.383973288814689795e+01,1.100130311412672427e+03,1.073701952284959589e+03
6.357262103505843243e+01,1.097829798018280371e+03,1.071275739177712694e+03
6.330550918196994559e+01,1.095528808965607823e+03,1.068849050412185306e+03
6.303839732888145875e+01,1.093227344254654554e+03,1.066421885988377426e+03
6.277128547579298612e+01,1.090925403885421019e+03,1.063994245906289279e+03
6.250417362270450639e+01,1.088622987857907219e+03,1.061566130165920640e+03
6.223706176961601955e+01,1.086320096172113153e+03,1.059137538767271735e+03
6.196994991652754692e+01,1.084016728828038367e+03,1.056708471710342110e+03
6.170283806343906008e+01,1.081712885825683315e+03,1.054278928995132446e+03
6.143572621035058035e+01,1.079408567165047771e+03,1.051848910621642062e+03
6.116861435726209351e+01,1.077103772846131733e+03,1.049418416589871413e+03
6.090150250417362088e+01,1.074798502868935884e+03,1.046987446899820497e+03
6.063439065108513404e+01,1.072492757233458860e+03,1.044556001551488862e+03
6.036727879799665430e+01,1.070186535939702026e+03,1.042124080544877188e+03
6.010016694490818168e+01,1.067879838987664471e+03,1.039691683879985021e+03
5.983305509181969484e+01,1.065572666377346422e+03,1.037258811556812361e+03
5.956594323873121510e+01,1.063265018108748336e+03,1.034825463575359436e+03
5.929883138564272826e+01,1.060956894181869529e+03,1.032391639935625790e+03
5.903171953255425564e+01,1.058648294596710457e+03,1.029957340637611878e+03
5.876460767946576880e+01,1.056339219353270892e+03,1.027522565681317701e+03
5.849749582637728906e+01,1.054029668451551061e+03,1.025087315066743031e+03
5.823038397328881643e+01,1.051719641891550737e+03,1.022651588793888209e+03
5.796327212020032960e+01,1.049409139673270147e+03,1.020215386862752553e+03
5.769616026711184276e+01,1.047098161796708837e+03,1.017778709273336744e+03
5.742904841402336302e+01,1.044786708261867489e+03,1.015341556025640443e+03
5.716193656093489039e+01,1.042474779068745647e+03,1.012903927119663877e+03
5.689482470784640356e+01,1.040162374217343313e+03,1.010465822555406703e+03
5.662771285475791672e+01,1.037849493707660486e+03,1.008027242332869264e+03
5.636060100166945119e+01,1.035536137539697393e+03,1.005588186452051332e+03
5.609348914858096435e+01,1.033222305713454034e+03,1.003148654912953020e+03
5.582637729549247751e+01,1.030907998228930182e+03,1.000708647715574330e+03
5.555926544240400489e+01,1.028593215086125838e+03,9.982681648599153732e+02
5.529215358931552515e+01,1.026277956285041000e+03,9.958272063459758101e+02
5.502504173622703831e+01,1.023962221825675897e+03,9.933857721737559814e+02
5.475792988313855147e+01,1.021646011708030301e+03,9.909438623432556597e+02
5.449081803005008595e+01,1.019329325932104439e+03,9.885014768544750723e+02
5.422370617696159911e+01,1.017012164497897970e+03,9.860586157074138782e+02
5.395659432387311227e+01,1.014694527405411350e+03,9.836152789020724185e+02
5.368948247078463964e+01,1.012376414654644236e+03,9.811714664384505795e+02
5.342237061769615991e+01,1.010057826245596630e+03,9.787271783165481338e+02
5.315525876460767307e+01,1.007738762178268644e+03,9.762824145363654225e+02
5.288814691151918623e+01,1.005419222452660279e+03,9.738371750979023318e+02
5.262103505843071360e+01,1.003099207068771648e+03,9.713914600011588618e+02
5.235392320534223387e+01,1.000778716026602524e+03,9.689452692461350125e+02
5.208681135225374703e+01,9.984577493261529071e+02,9.664986028328306702e+02
5.181969949916527440e+01,9.961363069674229109e+02,9.640514607612459486e+02
5.155258764607678756e+01,9.938143889504125355e+02,9.616038430313808476e+02
5.128547579298830783e+01,9.914919952751217807e+02,9.591557496432353673e+02
5.101836393989983520e+01,9.891691259415507602e+02,9.567071805968095077e+02
5.075125208681134836e+01,9.868457809496991331e+02,9.542581358921031551e+02
5.048414023372286152e+01,9.845219602995671266e+02,9.518086155291163095e+02
5.021702838063438179e+01,9.821976639911546272e+02,9.493586195078490846e+02
4.994991652754590916e+01,9.798728920244619758e+02,9.469081478283018214e+02
4.968280467445742232e+01,9.775476443994888314e+02,9.444572004904738378e+02
4.941569282136893548e+01,9.752219211162351939e+02,9.420057774943653612e+02
4.914858096828046996e+01,9.728957221747012909e+02,9.395538788399767327e+02
4.888146911519198312e+01,9.705690475748868948e+02,9.371015045273076112e+02
4.861435726210349628e+01,9.682418973167921195e+02,9.346486545563579966e+02
4.834724540901501655e+01,9.659142714004168511e+02,9.321953289271280028e+02
4.808013355592654392e+01,9.635861698257613170e+02,9.297415276396177433e+02
4.781302170283805708e+01,9.612575925928252900e+02,9.272872506938269908e+02
4.754590984974957024e+01,9.589285397016088837e+02,9.248324980897558589e+02
4.727879799666110472e+01,9.565990111521122117e+02,9.223772698274043478e+02
4.701168614357261788e+01,9.542690069443349330e+02,9.199215659067723436e+02
4.674457429048413104e+01,9.519385270782772750e+02,9.174653863278599601e+02
4.647746243739565841e+01,9.496075715539393514e+02,9.150087310906671973e+02
4.621035058430717868e+01,9.472761403713209347e+02,9.125516001951940552e+02
4.594323873121869184e+01,9.449442335304221388e+02,9.100939936414404201e+02
4.567612687813020500e+01,9.426118510312428498e+02,9.076359114294064057e+02
4.540901502504173237e+01,9.402789928737832952e+02,9.051773535590921256e+02
4.514190317195325264e+01,9.379456590580432476e+02,9.027183200304973525e+02
4.487479131886476580e+01,9.356118495840228206e+02,9.002588108436222001e+02
4.460767946577629317e+01,9.332775644517221281e+02,8.977988259984666684e+02
4.434056761268780633e+01,9.309428036611408288e+02,8.953383654950306436e+02
4.407345575959932660e+01,9.286075672122791502e+02,8.928774293333142396e+02
4.380634390651083976e+01,9.262718551051370923e+02,8.904160175133174562e+02
4.353923205342236713e+01,9.239356673397146551e+02,8.879541300350402935e+02
4.327212020033388740e+01,9.215990039160119522e+02,8.854917668984826378e+02
4.300500834724540056e+01,9.192618648340286427e+02,8.830289281036446027e+02
4.273789649415692793e+01,9.169242500937650675e+02,8.805656136505263021e+02
4.247078464106844109e+01,9.145861596952209993e+02,8.781018235391275084e+02
4.220367278797996136e+01,9.122475936383964381e+02,8.756375577694482217e+02
4.193656093489147452e+01,9.099085519232917250e+02,8.731728163414886694e+02
4.166944908180300189e+01,9.075690345499065188e+02,8.707075992552487378e+02
4.140233722871451505e+01,9.052290415182408196e+02,8.682419065107283132e+02
4.113522537562603532e+01,9.028885728282946275e+02,8.657757381079273955e+02
4.086811352253756269e+01,9.005476284800683970e+02,8.633090940468463259e+02
4.060100166944907585e+01,8.982062084735614462e+02,8.608419743274846496e+02
4.033388981636058901e+01,8.958643128087741161e+02,8.583743789498425940e+02
4.006677796327212349e+01,8.935219414857065203e+02,8.559063079139202728e+02
3.979966611018363665e+01,8.911790945043584315e+02,8.534377612197173448e+02
3.953255425709514981e+01,8.888357718647299635e+02,8.509687388672341513e+02
3.926544240400666297e+01,8.864919735668211160e+02,8.484992408564704647e+02
3.899833055091819745e+01,8.841476996106318893e+02,8.460292671874265125e+02
3.873121869782971061e+01,8.818029499961621696e+02,8.435588178601020672e+02
3.846410684474122377e+01,8.794577247234120705e+02,8.410878928744972427e+02
3.819699499165275824e+01,8.771120237923817058e+02,8.386164922306120388e+02
3.792988313856427141e+01,8.747658472030707344e+02,8.361446159284463420e+02
3.766277128547578457e+01,8.724191949554793837e+02,8.336722639680002658e+02
3.739565943238729773e+01,8.700720670496076536e+02,8.311994363492738103e+02
3.712854757929883220e+01,8.677244634854556580e+02,8.287261330722670891e+02
3.686143572621034536e+01,8.653763842630232830e+02,8.262523541369798750e+02
3.659432387312185853e+01,8.630278293823103013e+02,8.237780995434120541e+02
3.632721202003338590e+01,8.606787988433170540e+02,8.213033692915640813e+02
3.606010016694490616e+01,8.583292926460433137e+02,8.188281633814356155e+02
3.579298831385641932e+01,8.559793107904890803e+02,8.163524818130266567e+02
3.552587646076794670e+01,8.536288532766548087e+02,8.138763245863375460e+02
3.525876460767945986e+01,8.512779201045398167e+02,8.113996917013678285e+02
3.499165275459098012e+01,8.488898107864804388e+02,8.088898107864804388e+02
3.472454090150249328e+01,8.453578696826373289e+02,8.053578696826373289e+02
3.445742904841402066e+01,8.418145127800646605e+02,8.018145127800646605e+02
3.419031719532553382e+01,8.382597400787622064e+02,7.982597400787622064e+02
3.392320534223705408e+01,8.346935515787301938e+02,7.946935515787301938e+02
3.365609348914858145e+01,8.311159472799686228e+02,7.911159472799686228e+02
3.338898163606009462e+01,8.275269271824770385e+02,7.875269271824770385e+02
3.312186978297160778e+01,8.239264912862560095e+02,7.839264912862560095e+02
3.285475792988312804e+01,8.203146395913054221e+02,7.803146395913054221e+02
3.258764607679465541e+01,8.166913720976251625e+02,7.766913720976251625e+02
3.232053422370616858e+01,8.130566888052150034e+02,7.730566888052150034e+02
3.205342237061768884e+01,8.094105897140752859e+02,7.694105897140752859e+02
3.178631051752921621e+01,8.057530748242062373e+02,7.657530748242062373e+02
3.151919866444072937e+01,8.020841441356071755e+02,7.620841441356071755e+02
3.125208681135224609e+01,7.984037976482783279e+02,7.584037976482783279e+02
3.098497495826377346e+01,7.947120353622202629e+02,7.547120353622202629e+02
3.071786310517529017e+01,7.910088572774322984e+02,7.510088572774322984e+02
3.045075125208680333e+01,7.872942633939146617e+02,7.472942633939146617e+02
3.018363939899832005e+01,7.835682537116673529e+02,7.435682537116673529e+02
2.991652754590984742e+01,7.798308282306904857e+02,7.398308282306904857e+02
2.964941569282136413e+01,7.760819869509839464e+02,7.360819869509839464e+02
2.938230383973287729e+01,7.723217298725476212e+02,7.323217298725476212e+02
2.911519198664440822e+01,7.685500569953818513e+02,7.285500569953818513e+02
2.884808013355592138e+01,7.647669683194861818e+02,7.247669683194861818e+02
2.858096828046743809e+01,7.609724638448609539e+02,7.209724638448609539e+02
2.831385642737895125e+01,7.571665435715059402e+02,7.171665435715059402e+02
2.804674457429046797e+01,7.533492074994214818e+02,7.133492074994214818e+02
2.777963272120201310e+01,7.495204556286075785e+02,7.095204556286075785e+02
2.751252086811352626e+01,7.456802879590637758e+02,7.056802879590637758e+02
2.724540901502504298e+01,7.418287044907900736e+02,7.018287044907900736e+02
2.697829716193655614e+01,7.379657052237869266e+02,6.979657052237869266e+02
2.671118530884807285e+01,7.340912901580539938e+02,6.940912901580539938e+02
2.644407345575958601e+01,7.302054592935915025e+02,6.902054592935915025e+02
2.617696160267110272e+01,7.263082126303992254e+02,6.863082126303992254e+02
2.590984974958264431e+01,7.223995501684779583e+02,6.823995501684779583e+02
2.564273789649416102e+01,7.184794719078263370e+02,6.784794719078263370e+02
2.537562604340567418e+01,7.145479778484452709e+02,6.745479778484452709e+02
2.510851419031719090e+01,7.106050679903344189e+02,6.706050679903344189e+02
2.484140233722870406e+01,7.066507423334938949e+02,6.666507423334938949e+02
2.457429048414022077e+01,7.026850008779236987e+02,6.626850008779236987e+02
2.430717863105173393e+01,6.987078436236239440e+02,6.587078436236239440e+02
2.404006677796327907e+01,6.947192705705949720e+02,6.547192705705949720e+02
2.377295492487479223e+01,6.907192817188357594e+02,6.507192817188357594e+02
2.350584307178630894e+01,6.867078770683471021e+02,6.467078770683471021e+02
2.323873121869782210e+01,6.826850566191285452e+02,6.426850566191285452e+02
2.297161936560933881e+01,6.786508203711805436e+02,6.386508203711805436e+02
2.270450751252085198e+01,6.746051683245027561e+02,6.346051683245027561e+02
2.243739565943236869e+01,6.705481004790954103e+02,6.305481004790954103e+02
2.217028380634391382e+01,6.664796168349587333e+02,6.264796168349587333e+02
2.190317195325542698e+01,6.623997173920920432e+02,6.223997173920920432e+02
2.163606010016694370e+01,6.583084021504955672e+02,6.183084021504955672e+02
2.136894824707845686e+01,6.542056711101696465e+02,6.142056711101696465e+02
2.110183639398997357e+01,6.500915242711138262e+02,6.100915242711138262e+02
2.083472454090148673e+01,6.459659616333285612e+02,6.059659616333285612e+02
2.056761268781300345e+01,6.418289831968135104e+02,6.018289831968135104e+02
2.030050083472454503e+01,6.376805889615693559e+02,5.976805889615693559e+02
2.003338898163606174e+01,6.335207789275949608e+02,5.935207789275949608e+02
1.976627712854757490e+01,6.301789376283788897e+02,5.906463833712837186e+02
1.949916527545909162e+01,6.269147326791172645e+02,5.879164021281990244e+02
1.923205342237060478e+01,6.236077184846194541e+02,5.851436116398781451e+02
1.896494156928212149e+01,6.202578950448854584e+02,5.823280119063211941e+02
1.869782971619363465e+01,6.168652623599151639e+02,5.794696029275277169e+02
1.843071786310517979e+01,6.134298204297090251e+02,5.765683847034986229e+02
1.816360601001669295e+01,6.099515692542663601e+02,5.736243572342328889e+02
1.789649415692820966e+01,6.064305088335873961e+02,5.706375205197309697e+02
1.762938230383972282e+01,6.028666391676722469e+02,5.676078745599927515e+02
1.736227045075123954e+01,5.992599602565209125e+02,5.645354193550183481e+02
1.709515859766275270e+01,5.956104721001332791e+02,5.614201549048077595e+02
1.682804674457429783e+01,5.919181746985099153e+02,5.582620812093612130e+02
1.656093489148581455e+01,5.881830680516497978e+02,5.550611982686782540e+02
1.629382303839732771e+01,5.844051521595536087e+02,5.518175060827588823e+02
1.602671118530884442e+01,5.805844270222211208e+02,5.485310046516034390e+02
1.575959933222035758e+01,5.767208926396524475e+02,5.452016939752118105e+02
1.549248747913187252e+01,5.728145490118475891e+02,5.418295740535837695e+02
1.522537562604338746e+01,5.688653961388064317e+02,5.384146448867196568e+02
1.495826377295493081e+01,5.648734340205295439e+02,5.349569064746195863e+02
1.469115191986644575e+01,5.608386626570160161e+02,5.314563588172831032e+02
1.442404006677796069e+01,5.567610820482663030e+02,5.279130019147103212e+02
1.415692821368947563e+01,5.526406921942802910e+02,5.243268357669012403e+02
1.388981636060099056e+01,5.484774930950582075e+02,5.206978603738562015e+02
1.362270450751250550e+01,5.442714847505997113e+02,5.170260757355746364e+02
1.335559265442402044e+01,5.400226671609051436e+02,5.133114818520569997e+02
1.308848080133556557e+01,5.357310403259747318e+02,5.095540787233035189e+02
1.282136894824708051e+01,5.313966042458075663e+02,5.057538663493133981e+02
1.255425709515859545e+01,5.270193589204043292e+02,5.019108447300872058e+02
1.228714524207011038e+01,5.225993043497647932e+02,4.980250138656244872e+02
1.202003338898162532e+01,5.181364405338890720e+02,4.940963737559258107e+02
1.175292153589314026e+01,5.136307674727770518e+02,4.901249244009908352e+02
1.148580968280465520e+01,5.090822851664289033e+02,4.861106658008196177e+02
1.121869782971619856e+01,5.044909936148450242e+02,4.820535979554126698e+02
1.095158597662771349e+01,4.998568928180244484e+02,4.779537208647690250e+02
1.068447412353922843e+01,4.951799827759676305e+02,4.738110345288891949e+02
1.041736227045074337e+01,4.904602634886746273e+02,4.696255389477731796e+02
1.015025041736225830e+01,4.856977349561453821e+02,4.653972341214208654e+02
9.883138564273773241e+00,4.808923971783799516e+02,4.611261200498323660e+02
9.616026711185288178e+00,4.760442501553782790e+02,4.568121967330076245e+02
9.348914858096831537e+00,4.711532938871408760e+02,4.524554641709471525e+02
9.081803005008346474e+00,4.662195283736667761e+02,4.480559223636500406e+02
8.814691151919861412e+00,4.612429536149563774e+02,4.436135713111166297e+02
8.547579298831376349e+00,4.562235696110098502e+02,4.391284110133470904e+02
8.280467445742891286e+00,4.511613763618270241e+02,4.346004414703412522e+02
8.013355592654406223e+00,4.460563738674080696e+02,4.300296626820992287e+02
7.746243739565922048e+00,4.409085621277528730e+02,4.254160746486210201e+02
7.479131886477465407e+00,4.357179411428620028e+02,4.207596773699070241e+02
7.212020033388980345e+00,4.304845109127343221e+02,4.160604708459563881e+02
6.944908180300495282e+00,4.252082714373705130e+02,4.113184550767695100e+02
6.677796327212010219e+00,4.198892227167704050e+02,4.065336300623463330e+02
6.410684474123525156e+00,4.145273647509341117e+02,4.017059958026869708e+02
6.143572621035040093e+00,4.091226975398615764e+02,3.968355522977914802e+02
5.876460767946584340e+00,4.036752210835534243e+02,3.919222995476602023e+02
5.609348914858099278e+00,3.981849353820084616e+02,3.869662375522922275e+02
5.342237061769614215e+00,3.926518404352272569e+02,3.819673663116880675e+02
5.075125208681129152e+00,3.870759362432099238e+02,3.769256858258476655e+02
4.808013355592644089e+00,3.814572228059562917e+02,3.718411960947709645e+02
4.540901502504159026e+00,3.757957001234664745e+02,3.667138971184581351e+02
4.273789649415673964e+00,3.700913681957404151e+02,3.615437888969090636e+02
4.006677796327218211e+00,3.643442270227787390e+02,3.563308714301243185e+02
3.739565943238732704e+00,3.585542766045803091e+02,3.510751447181028198e+02
3.472454090150247641e+00,3.527215169411455804e+02,3.457766087608450789e+02
3.205342237061762578e+00,3.468459480324746664e+02,3.404352635583511528e+02
2.938230383973277515e+00,3.409275698785675104e+02,3.350511091106209847e+02
2.671118530884792452e+00,3.349663824794241691e+02,3.296241454176545744e+02
2.404006677796307390e+00,3.289623858350446426e+02,3.241543724794520358e+02
2.136894824707851637e+00,3.229155799454294993e+02,3.186417902960137667e+02
1.869782971619366352e+00,3.168259648105774886e+02,3.130863988673387439e+02
1.602671118530881289e+00,3.106935404304892359e+02,3.074881981934274791e+02
1.335559265442396226e+00,3.045183068051647979e+02,3.018471882742800290e+02
1.068447412353911163e+00,2.983002639346041747e+02,2.961633691098963368e+02
8.013355592654261006e-01,2.920394118188072525e+02,2.904367407002764025e+02
5.342237061769410378e-01,2.857357504577741452e+02,2.846673030454202831e+02
2.671118530884850628e-01,2.793892798515055347e+02,2.788550561453286036e+02
0.000000000000000000e+00,2.730000000000000000e+02,2.730000000000000000e+02
